Time,Signal
0.0,0.534153860302422
0.001001001001001001,2.3651114771584987
0.002002002002002002,4.833145707624427
0.003003003003003003,5.30204037080213
0.004004004004004004,5.071803286092277
0.005005005005005005,4.487488707409954
0.006006006006006006,3.2672896277948906
0.007007007007007007,2.4493258178199167
0.008008008008008008,2.829010384439377
0.009009009009009009,3.3441091804670404
0.01001001001001001,2.0870205185507875
0.011011011011011011,0.2154591347947249
0.012012012012012012,-1.5864343349605987
0.013013013013013013,-3.4704193561712664
0.014014014014014014,-7.095476650823027
0.015015015015015015,-6.383975852141515
0.016016016016016016,-6.438800834575634
0.017017017017017015,-3.0316321707388125
0.018018018018018018,-0.7746428454255141
0.01901901901901902,0.9905352073181244
0.02002002002002002,2.032840512287251
0.02102102102102102,0.7690439784204447
0.022022022022022022,2.2075528588163276
0.023023023023023025,2.563706086741489
0.024024024024024024,3.325493312957331
0.025025025025025023,5.604974897607265
0.026026026026026026,6.431988559471245
0.02702702702702703,7.125642130352949
0.028028028028028028,3.562305216132075
0.029029029029029027,0.747530910409036
0.03003003003003003,-1.6436608680661922
0.031031031031031032,-3.9359769644673417
0.03203203203203203,-5.315244719244303
0.03303303303303303,-3.7939654035473627
0.03403403403403403,-4.093566660413653
0.035035035035035036,-3.3175093255192425
0.036036036036036036,-2.906760782419664
0.037037037037037035,-2.6214288883340853
0.03803803803803804,-4.133882313947294
0.03903903903903904,-2.2171791999255754
0.04004004004004004,-1.0981815910835384
0.04104104104104104,0.10360554266897637
0.04204204204204204,3.603519426180452
0.043043043043043044,5.531941861699668
0.044044044044044044,7.131312370007212
0.04504504504504504,6.065249755194916
0.04604604604604605,4.8506191356767605
0.04704704704704705,1.8750877074222465
0.04804804804804805,1.1092648500266011
0.04904904904904905,-0.6752346314109547
0.050050050050050046,0.3559841250216191
0.05105105105105105,-0.21243834845446513
0.05205205205205205,-1.394753833839541
0.05305305305305305,-2.844802814469839
0.05405405405405406,-4.457113520793989
0.055055055055055056,-6.408260874339835
0.056056056056056056,-6.725260400183101
0.057057057057057055,-5.901440838409224
0.058058058058058054,-3.100524984386673
0.05905905905905906,0.12427597306095739
0.06006006006006006,1.6758535547236875
0.06106106106106106,3.6888655895850486
0.062062062062062065,3.0126784626654115
0.06306306306306306,3.147169354386694
0.06406406406406406,3.264280494854678
0.06506506506506507,2.5531794254272904
0.06606606606606606,3.4162387640475287
0.06706706706706707,4.629519906888274
0.06806806806806806,4.733570454402041
0.06906906906906907,3.8149039232560247
0.07007007007007007,1.2373973566199052
0.07107107107107107,-2.0438765358338666
0.07207207207207207,-4.666250574490717
0.07307307307307308,-6.590424522310255
0.07407407407407407,-6.216101336750456
0.07507507507507508,-4.834948403398194
0.07607607607607608,-2.948812499112465
0.07707707707707707,-1.2809003058603112
0.07807807807807808,-1.6869532162557652
0.07907907907907907,-1.0395431278404623
0.08008008008008008,0.36174973294251944
0.08108108108108109,-0.5702246154903008
0.08208208208208208,1.3903921336198795
0.08308308308308308,3.7327969693810297
0.08408408408408408,5.573250450029584
0.08508508508508508,6.360372342106943
0.08608608608608609,6.020294700186847
0.08708708708708708,4.917837686118489
0.08808808808808809,1.6382055240769353
0.0890890890890891,-0.7444502830331919
0.09009009009009009,-2.749958780954934
0.09109109109109109,-2.0714431190039035
0.0920920920920921,-3.019261800109686
0.09309309309309309,-2.7321013968624426
0.0940940940940941,-3.4371136749779825
0.09509509509509509,-3.894198131576007
0.0960960960960961,-4.864023181033156
0.0970970970970971,-5.583377963679458
0.0980980980980981,-4.863849187117876
0.0990990990990991,-2.4969866254127884
0.10010010010010009,0.3578280092571472
0.1011011011011011,3.5036596423639246
0.1021021021021021,5.771656615135709
0.1031031031031031,5.418614091674122
0.1041041041041041,3.974154727199515
0.10510510510510511,4.094178507688026
0.1061061061061061,2.4664907537733898
0.10710710710710711,2.557971120762212
0.10810810810810811,2.281748835531707
0.1091091091091091,1.946274048091082
0.11011011011011011,2.347675260764685
0.1111111111111111,-0.694186180301121
0.11211211211211211,-2.5876713182360342
0.11311311311311312,-5.60892813798654
0.11411411411411411,-6.5225606778303264
0.11511511511511512,-6.7775856759309505
0.11611611611611611,-5.172335778017568
0.11711711711711711,-4.336845601553364
0.11811811811811812,-0.6389123577437499
0.11911911911911911,0.5368325650177699
0.12012012012012012,1.0840508716601667
0.12112112112112113,1.3281895703335946
0.12212212212212212,2.6018362283054026
0.12312312312312312,2.1993768972974648
0.12412412412412413,3.415283459015286
0.12512512512512514,5.419959483850942
0.12612612612612611,6.699949848839746
0.12712712712712712,6.698627335569985
0.12812812812812813,4.3327743388249536
0.12912912912912913,1.3523722641251255
0.13013013013013014,-1.964030285404165
0.13113113113113112,-4.417656943562275
0.13213213213213212,-4.350797421905436
0.13313313313313313,-4.277328931417583
0.13413413413413414,-3.4427837932842174
0.13513513513513514,-2.7536436409345963
0.13613613613613612,-2.5944746502694906
0.13713713713713713,-2.7281990197895705
0.13813813813813813,-2.9657182979736074
0.13913913913913914,-3.279983425516724
0.14014014014014015,-1.0750020642602132
0.14114114114114115,0.21292582968031204
0.14214214214214213,4.545266392593185
0.14314314314314314,5.832375586347364
0.14414414414414414,6.601374758446063
0.14514514514514515,5.6677502514247085
0.14614614614614616,4.3436448761430855
0.14714714714714713,2.3118697834211406
0.14814814814814814,0.40339581413896614
0.14914914914914915,-0.3938827959120633
0.15015015015015015,0.02628904256421255
0.15115115115115116,0.442837638607922
0.15215215215215216,-0.48634952298967216
0.15315315315315314,-3.0513949345850735
0.15415415415415415,-4.718570664293041
0.15515515515515516,-6.026805632846008
0.15615615615615616,-6.3343612411535615
0.15715715715715717,-4.73434930185788
0.15815815815815815,-2.603410189624472
0.15915915915915915,-0.5828327571040282
0.16016016016016016,1.5340372225640744
0.16116116116116116,2.746207956566172
0.16216216216216217,3.7885781034646695
0.16316316316316315,2.649349948743486
0.16416416416416416,3.622765674787902
0.16516516516516516,3.5475378881384816
0.16616616616616617,3.726549432019192
0.16716716716716717,4.694226590325088
0.16816816816816815,4.786975199609598
0.16916916916916916,4.1066790105797955
0.17017017017017017,0.3378029507471189
0.17117117117117117,-2.9857543623330454
0.17217217217217218,-5.711891427302418
0.17317317317317318,-6.499333699304234
0.17417417417417416,-6.290970461184246
0.17517517517517517,-4.520428998772334
0.17617617617617617,-2.986802876403288
0.17717717717717718,-1.7988162089970217
0.1781781781781782,-1.560469617668062
0.17917917917917917,-0.9501734898251537
0.18018018018018017,-0.47172641227769563
0.18118118118118118,-0.523500903228636
0.18218218218218218,1.1453261792388063
0.1831831831831832,4.6088679874711325
0.1841841841841842,5.984935892399009
0.18518518518518517,5.947833978066356
0.18618618618618618,6.2930325042775035
0.1871871871871872,4.761098831932616
0.1881881881881882,2.081858062095249
0.1891891891891892,-0.09876502234004347
0.19019019019019018,-2.315823553837109
0.19119119119119118,-2.8583001653254385
0.1921921921921922,-2.524917946030286
0.1931931931931932,-2.2655750986166248
0.1941941941941942,-3.6464599970001013
0.19519519519519518,-4.347597861828802
0.1961961961961962,-5.1720104555232185
0.1971971971971972,-6.051050181018734
0.1981981981981982,-5.044071683935899
0.1991991991991992,-1.7002712017380728
0.20020020020020018,0.15043037795246028
0.2012012012012012,2.7534408420505807
0.2022022022022022,4.439668076586142
0.2032032032032032,5.916894176622497
0.2042042042042042,5.620956788226359
0.20520520520520522,4.410590049425358
0.2062062062062062,2.627174323769611
0.2072072072072072,2.656220613756327
0.2082082082082082,1.87046468530023
0.2092092092092092,2.5770641863824464
0.21021021021021022,0.676685356923856
0.2112112112112112,-0.6591222422624377
0.2122122122122122,-2.8311066431185568
0.2132132132132132,-4.8860790306826845
0.21421421421421422,-7.010191590357944
0.21521521521521522,-7.233053526669458
0.21621621621621623,-5.308574561912311
0.2172172172172172,-2.422002308132612
0.2182182182182182,-0.816968869881338
0.21921921921921922,1.1563314912455942
0.22022022022022023,2.0114543510716043
0.22122122122122123,0.9548892748865618
0.2222222222222222,1.7353701012279847
0.22322322322322322,2.2735704670192773
0.22422422422422422,3.7744371166075816
0.22522522522522523,5.6938103292315345
0.22622622622622623,6.566793231076607
0.2272272272272272,6.071961848081721
0.22822822822822822,3.956563044719767
0.22922922922922923,1.2370291790383605
0.23023023023023023,-0.9384730349129301
0.23123123123123124,-3.8649383696082102
0.23223223223223222,-4.620263951209699
0.23323323323323322,-4.3426092183871114
0.23423423423423423,-3.3632608815103913
0.23523523523523523,-3.5940521767398295
0.23623623623623624,-4.255811904984609
0.23723723723723725,-2.9758799346760174
0.23823823823823823,-4.0674199589790145
0.23923923923923923,-2.4773603986915202
0.24024024024024024,-1.6580079841909214
0.24124124124124124,1.974858442944301
0.24224224224224225,4.594981870671884
0.24324324324324323,5.7436928678330545
0.24424424424424424,7.063185399151822
0.24524524524524524,5.774551111047156
0.24624624624624625,4.3370224572478975
0.24724724724724725,2.5080943480553612
0.24824824824824826,1.0272057412816937
0.24924924924924924,-0.749338387878192
0.2502502502502503,1.089946297283021
0.25125125125125125,-0.41679575844453837
0.25225225225225223,-1.444326342403703
0.25325325325325326,-2.19639373082527
0.25425425425425424,-4.721303521443449
0.2552552552552553,-6.87565154369641
0.25625625625625625,-6.540573262310585
0.25725725725725723,-5.235462918069961
0.25825825825825827,-3.599557761716478
0.25925925925925924,-0.2980610250968429
0.2602602602602603,2.078484069626516
0.26126126126126126,3.316432481172062
0.26226226226226224,2.743307863958427
0.26326326326326327,2.7202747541721943
0.26426426426426425,3.1678213894938643
0.2652652652652653,2.9018709657770203
0.26626626626626626,3.9676387664206865
0.26726726726726724,4.602654484975085
0.2682682682682683,3.4453042768196127
0.26926926926926925,2.706656174796491
0.2702702702702703,-0.35911758468504806
0.27127127127127126,-3.368133188390322
0.27227227227227224,-4.991553003434058
0.2732732732732733,-5.978275761513233
0.27427427427427425,-5.538302274880055
0.2752752752752753,-4.385712791683337
0.27627627627627627,-2.778351108938775
0.2772772772772773,-1.3445177408950557
0.2782782782782783,-2.197202602771396
0.27927927927927926,-1.3734015803960624
0.2802802802802803,-1.192504589712284
0.28128128128128127,-0.543644812263845
0.2822822822822823,1.5281142078423484
0.2832832832832833,3.9213949157519754
0.28428428428428426,6.185256445442875
0.2852852852852853,5.784081071731679
0.2862862862862863,6.14476078102097
0.2872872872872873,4.692186543308661
0.2882882882882883,1.669921641873895
0.28928928928928926,-1.2548236513977258
0.2902902902902903,-2.246632456517114
0.2912912912912913,-3.5499967982409575
0.2922922922922923,-1.8572411219376133
0.2932932932932933,-2.255068338937459
0.29429429429429427,-3.1102610692745927
0.2952952952952953,-3.4925515280080672
0.2962962962962963,-5.091378453978307
0.2972972972972973,-5.655895348848084
0.2982982982982983,-4.945238951463509
0.29929929929929927,-1.0332836503046166
0.3003003003003003,1.1758637019098857
0.3013013013013013,3.6614495851726705
0.3023023023023023,4.693106637402487
0.3033033033033033,5.755543899152974
0.30430430430430433,4.160493930009318
0.3053053053053053,3.3240444621207805
0.3063063063063063,2.9530234326247458
0.3073073073073073,2.439567574362529
0.3083083083083083,2.8471407029506657
0.30930930930930933,2.450255649439176
0.3103103103103103,0.9965861043065967
0.3113113113113113,-1.4397086686905207
0.3123123123123123,-3.560664807941931
0.3133133133133133,-5.218634661692058
0.31431431431431434,-6.556764072621096
0.3153153153153153,-6.0537271860980235
0.3163163163163163,-5.099715278595343
0.3173173173173173,-1.9078304725740025
0.3183183183183183,-1.0969803997576544
0.31931931931931934,0.4795482418784876
0.3203203203203203,1.9235315635548602
0.3213213213213213,1.6624225611715353
0.32232232232232233,1.6450697746629483
0.3233233233233233,2.124610321130353
0.32432432432432434,3.720752190927119
0.3253253253253253,5.578319116438309
0.3263263263263263,6.3274635365691205
0.32732732732732733,5.903190589556602
0.3283283283283283,3.5180393865432733
0.32932932932932935,1.229731283681677
0.3303303303303303,-2.8977881713867157
0.3313313313313313,-3.7928239941720445
0.33233233233233234,-5.173522656340527
0.3333333333333333,-4.6152910699758865
0.33433433433433435,-3.923440506911551
0.3353353353353353,-3.385328355076522
0.3363363363363363,-2.7476346986670404
0.33733733733733734,-4.205328729788735
0.3383383383383383,-3.855658587952993
0.33933933933933935,-3.920856016878256
0.34034034034034033,-0.9644692200140188
0.34134134134134136,1.456089117973721
0.34234234234234234,4.507190453063973
0.3433433433433433,6.698906896450806
0.34434434434434436,7.483167147397045
0.34534534534534533,5.669371259285193
0.34634634634634637,3.388626156306521
0.34734734734734735,1.742843552923335
0.3483483483483483,0.9890396986173584
0.34934934934934936,-0.37148546847213043
0.35035035035035034,-0.16719628325705
0.35135135135135137,-1.3826508419834949
0.35235235235235235,-0.6334283538394831
0.3533533533533533,-2.597841003965338
0.35435435435435436,-4.854552521549081
0.35535535535535534,-7.020752981198071
0.3563563563563564,-6.226663870436748
0.35735735735735735,-5.309552235347966
0.35835835835835833,-2.6131145275516645
0.35935935935935936,0.5315849638198279
0.36036036036036034,2.992978480720753
0.3613613613613614,2.8754265031482786
0.36236236236236236,3.133479477124994
0.36336336336336333,3.377346987052763
0.36436436436436437,2.9901118093333476
0.36536536536536535,3.695649089793782
0.3663663663663664,3.446721681248739
0.36736736736736736,4.615173202381689
0.3683683683683684,5.053897424582642
0.36936936936936937,2.5838749606685947
0.37037037037037035,1.1069143413264708
0.3713713713713714,-2.8689834668544663
0.37237237237237236,-5.049306221604061
0.3733733733733734,-6.5610756559777075
0.3743743743743744,-5.900813876688803
0.37537537537537535,-4.3302518770817615
0.3763763763763764,-3.093089232179237
0.37737737737737737,-0.5564663104843459
0.3783783783783784,-1.1590591573100029
0.3793793793793794,-0.9668149276450372
0.38038038038038036,-0.8301791301921249
0.3813813813813814,0.5035859969603909
0.38238238238238237,1.7292106395141968
0.3833833833833834,4.716508053653252
0.3843843843843844,5.988456009363324
0.38538538538538536,6.7484117629762705
0.3863863863863864,5.836487674251006
0.38738738738738737,3.9894579241061487
0.3883883883883884,0.7709111560615283
0.3893893893893894,-0.33250701562826723
0.39039039039039036,-2.615045835600802
0.3913913913913914,-2.8712014389209006
0.3923923923923924,-2.5717059088261602
0.3933933933933934,-2.4469633672659405
0.3943943943943944,-2.693859901942918
0.39539539539539537,-3.777648876797778
0.3963963963963964,-5.191576205325233
0.3973973973973974,-5.175081834304382
0.3983983983983984,-4.1858505690687
0.3993993993993994,-2.173187717585926
0.40040040040040037,1.3250576047192395
0.4014014014014014,3.8242724543831605
0.4024024024024024,5.525724324992543
0.4034034034034034,5.891898521045612
0.4044044044044044,3.622386107315223
0.40540540540540543,3.185397172245294
0.4064064064064064,2.500966018700058
0.4074074074074074,2.9370582159358385
0.4084084084084084,2.3430483881488398
0.4094094094094094,1.1586855042739894
0.41041041041041043,2.3126747911165957
0.4114114114114114,-0.8141216830393018
0.4124124124124124,-3.5010685359037406
0.4134134134134134,-5.31381534991286
0.4144144144144144,-6.7036134823027735
0.41541541541541543,-6.91301399214572
0.4164164164164164,-5.474831820114834
0.4174174174174174,-3.273188902131178
0.4184184184184184,-0.28136680454033663
0.4194194194194194,0.5078884415050502
0.42042042042042044,0.5735461874719757
0.4214214214214214,1.3697056563224375
0.4224224224224224,2.763660733469874
0.42342342342342343,2.288907082524196
0.4244244244244244,4.094357584184962
0.42542542542542544,5.600549205505927
0.4264264264264264,6.128380813863708
0.4274274274274274,5.2124262110473
0.42842842842842843,2.355671470478614
0.4294294294294294,0.4848416750083134
0.43043043043043044,-2.5736313391038728
0.4314314314314314,-4.410717587887346
0.43243243243243246,-4.004123087221276
0.43343343343343343,-4.621303091701136
0.4344344344344344,-2.6135540050409807
0.43543543543543545,-1.894139902991595
0.4364364364364364,-2.6065290185953356
0.43743743743743746,-3.5221572501399536
0.43843843843843844,-4.037239826138468
0.4394394394394394,-3.240693797674927
0.44044044044044045,-0.4971359553424269
0.44144144144144143,0.8912736106101187
0.44244244244244246,4.423351213212726
0.44344344344344344,5.398121199484614
0.4444444444444444,6.444049445815359
0.44544544544544545,5.706823455674124
0.44644644644644643,3.129600701353772
0.44744744744744747,1.482305702631443
0.44844844844844844,0.3253061734330541
0.4494494494494494,0.2557388788215621
0.45045045045045046,0.519441518461102
0.45145145145145144,-1.1798502953473293
0.45245245245245247,-1.012133998552618
0.45345345345345345,-2.784229319851618
0.4544544544544544,-5.926251668855819
0.45545545545545546,-6.324816769338633
0.45645645645645644,-6.646426113080832
0.4574574574574575,-5.322881683485296
0.45845845845845845,-2.0203332894717994
0.45945945945945943,0.5790762005191173
0.46046046046046046,1.5653079570272102
0.46146146146146144,3.009839429846675
0.4624624624624625,3.405518087743476
0.46346346346346345,3.0131392891712347
0.46446446446446443,2.8913292756260267
0.46546546546546547,3.138389689159527
0.46646646646646645,3.7387188512385947
0.4674674674674675,4.989903707646811
0.46846846846846846,3.4523657226788402
0.4694694694694695,2.590612016689554
0.47047047047047047,0.06782649461957341
0.47147147147147145,-3.0037173578614604
0.4724724724724725,-5.376468342548488
0.47347347347347346,-6.877129881454478
0.4744744744744745,-5.99364841160577
0.4754754754754755,-5.003527015788861
0.47647647647647645,-2.6373613159338625
0.4774774774774775,-1.1808725227455712
0.47847847847847846,-0.8554176346180267
0.4794794794794795,-1.2642466474428657
0.4804804804804805,-0.7030722443561518
0.48148148148148145,0.01749717588977162
0.4824824824824825,2.134929067862171
0.48348348348348347,4.00390958227252
0.4844844844844845,6.682129557269032
0.4854854854854855,6.043238749754103
0.48648648648648646,5.545924431253282
0.4874874874874875,3.01067867509728
0.48848848848848847,0.5205956941112683
0.4894894894894895,-1.544196133519746
0.4904904904904905,-2.5067071980354676
0.49149149149149146,-2.1689570397431046
0.4924924924924925,-2.541936925524523
0.4934934934934935,-2.1280404905311543
0.4944944944944945,-3.0303856203922646
0.4954954954954955,-5.188856708789717
0.4964964964964965,-5.493042243941448
0.4974974974974975,-5.029430134014481
0.4984984984984985,-4.121850672776596
0.4994994994994995,-1.049477881483027
0.5005005005005005,1.2478480034242914
0.5015015015015015,4.692176190206231
0.5025025025025025,5.105319791090413
0.5035035035035035,5.415105076081118
0.5045045045045045,5.063072806736708
0.5055055055055055,3.4435243530222186
0.5065065065065065,2.2548768824310534
0.5075075075075075,1.800135641081109
0.5085085085085085,1.417650248941572
0.5095095095095095,1.127716986814753
0.5105105105105106,0.8858212283962624
0.5115115115115115,-1.1670565050217978
0.5125125125125125,-3.9548519119930807
0.5135135135135135,-4.705595406691179
0.5145145145145145,-6.440590613775902
0.5155155155155156,-6.82019693204631
0.5165165165165165,-4.271253005732147
0.5175175175175175,-2.1174568750217633
0.5185185185185185,-0.5858858629657531
0.5195195195195195,1.08114540954659
0.5205205205205206,1.089538893225229
0.5215215215215215,0.9017797495712536
0.5225225225225225,2.4961607716448393
0.5235235235235235,2.4061473599821
0.5245245245245245,3.815371726272642
0.5255255255255256,5.209664374506634
0.5265265265265265,6.699899266540479
0.5275275275275275,5.600627391169922
0.5285285285285285,3.308466609042168
0.5295295295295295,0.9734090330121921
0.5305305305305306,-1.9681197393784073
0.5315315315315315,-3.6204774369617376
0.5325325325325325,-4.336420615927735
0.5335335335335335,-3.6640996470280807
0.5345345345345345,-3.1322759935211337
0.5355355355355356,-2.2595356131288855
0.5365365365365365,-2.55204451531397
0.5375375375375375,-3.3247789971450485
0.5385385385385385,-2.639590073836582
0.5395395395395395,-3.508143874373794
0.5405405405405406,-0.34653444098656866
0.5415415415415415,1.451045586836563
0.5425425425425425,5.035710472496976
0.5435435435435435,6.79068552533809
0.5445445445445445,6.564971848401389
0.5455455455455456,5.7310783661859555
0.5465465465465466,3.3773725266620627
0.5475475475475475,2.539297537538115
0.5485485485485485,0.5761960079968236
0.5495495495495496,-0.49498804128544216
0.5505505505505506,-0.5230360246365113
0.5515515515515516,-0.8617392853074826
0.5525525525525525,-1.8225521901478712
0.5535535535535535,-3.762164096576497
0.5545545545545546,-5.289686007576673
0.5555555555555556,-6.579222526638471
0.5565565565565566,-6.865025352988573
0.5575575575575575,-3.9078952374072062
0.5585585585585585,-1.7396103928363187
0.5595595595595596,0.40796508620157007
0.5605605605605606,2.679241115689332
0.5615615615615616,4.307615496983541
0.5625625625625625,4.087243090330512
0.5635635635635635,3.4456143680408307
0.5645645645645646,3.309821299852716
0.5655655655655656,3.983016922834543
0.5665665665665666,3.8052643803544326
0.5675675675675675,4.107899660031514
0.5685685685685685,3.433024583522612
0.5695695695695696,2.5126643086132567
0.5705705705705706,-0.777584761699435
0.5715715715715716,-3.728575772035917
0.5725725725725725,-4.39287958200241
0.5735735735735735,-6.312875579408287
0.5745745745745746,-5.5142169445527305
0.5755755755755756,-3.3612823456140197
0.5765765765765766,-2.95023872046696
0.5775775775775776,-1.992376223501072
0.5785785785785785,-1.2077001194942325
0.5795795795795796,-1.6090296108616853
0.5805805805805806,-1.3511788076786921
0.5815815815815816,0.46832031046111783
0.5825825825825826,2.3999697556779536
0.5835835835835835,3.9232029964459483
0.5845845845845846,6.66932081594012
0.5855855855855856,7.227793952147178
0.5865865865865866,4.94606316672917
0.5875875875875876,3.65832994418273
0.5885885885885885,0.8577549514101817
0.5895895895895896,-1.1852154449514554
0.5905905905905906,-2.6397443097878748
0.5915915915915916,-2.6443518354552755
0.5925925925925926,-2.609158546198638
0.5935935935935935,-3.2615977682779786
0.5945945945945946,-3.218962537547059
0.5955955955955956,-5.152523324857725
0.5965965965965966,-5.143171632842543
0.5975975975975976,-6.23770091799527
0.5985985985985985,-3.8200933586018246
0.5995995995995996,-1.156908470589019
0.6006006006006006,2.5700308627621453
0.6016016016016016,4.316929119405139
0.6026026026026026,6.577460103121315
0.6036036036036035,4.918997092955506
0.6046046046046046,3.7476803755667927
0.6056056056056056,3.0615147918295973
0.6066066066066066,3.3677895463776997
0.6076076076076076,2.321406175671688
0.6086086086086087,1.4252361190534688
0.6096096096096096,2.377576520656925
0.6106106106106106,1.5562941405282806
0.6116116116116116,-2.45767145532385
0.6126126126126126,-3.5887383007022615
0.6136136136136137,-5.841605804920834
0.6146146146146146,-7.100752053326767
0.6156156156156156,-5.887188007238088
0.6166166166166166,-4.490165907003078
0.6176176176176176,-1.2983624652216241
0.6186186186186187,0.416561162909582
0.6196196196196196,0.9463656755522641
0.6206206206206206,1.4592374099806071
0.6216216216216216,1.2416948338056077
0.6226226226226226,1.2224083121055975
0.6236236236236237,2.8233763650598793
0.6246246246246246,3.5161890226214245
0.6256256256256256,6.077901359854739
0.6266266266266266,6.688636170275573
0.6276276276276276,5.8094114499215355
0.6286286286286287,2.7061774509811753
0.6296296296296297,0.5785557170362495
0.6306306306306306,-2.682823112418198
0.6316316316316316,-4.953859018895503
0.6326326326326326,-5.193978311803699
0.6336336336336337,-5.037407965767378
0.6346346346346347,-3.0397494423058213
0.6356356356356356,-2.868701276017802
0.6366366366366366,-3.1725809664770757
0.6376376376376376,-2.7732938074492575
0.6386386386386387,-4.096301370340966
0.6396396396396397,-2.304292541168685
0.6406406406406406,-0.34008640948051344
0.6416416416416416,2.550332758060273
0.6426426426426426,5.507509870754297
0.6436436436436437,5.289383395774594
0.6446446446446447,6.028720752860035
0.6456456456456456,4.480808767697005
0.6466466466466466,3.349331926807423
0.6476476476476476,1.4370314810972622
0.6486486486486487,-0.0957564596293306
0.6496496496496497,0.4628634029168429
0.6506506506506506,0.12259125886170474
0.6516516516516516,-0.5919418593357537
0.6526526526526526,-1.5151096974608265
0.6536536536536537,-3.513276448060281
0.6546546546546547,-6.143108108342242
0.6556556556556556,-7.074280759384971
0.6566566566566566,-6.755728726158471
0.6576576576576576,-4.974050769774155
0.6586586586586587,-1.8870046158368223
0.6596596596596597,0.7049152540497863
0.6606606606606606,3.199598916715722
0.6616616616616616,3.508668043737671
0.6626626626626626,3.5305777400962386
0.6636636636636637,3.5855767840795094
0.6646646646646647,3.458988434446998
0.6656656656656657,3.068904214528068
0.6666666666666666,3.253465874224445
0.6676676676676676,4.961580846010227
0.6686686686686687,3.4975998784122186
0.6696696696696697,1.0904271302768396
0.6706706706706707,-0.8983035842650762
0.6716716716716716,-2.8872118620896154
0.6726726726726726,-6.102491631767124
0.6736736736736737,-6.172027536930673
0.6746746746746747,-5.065916050510647
0.6756756756756757,-3.6281481989639897
0.6766766766766766,-3.030463265526794
0.6776776776776777,-1.593064875729153
0.6786786786786787,-1.2123178065863076
0.6796796796796797,-2.3468878213293505
0.6806806806806807,-0.2770183526129589
0.6816816816816816,0.12083467158724526
0.6826826826826827,3.7562507960914138
0.6836836836836837,5.619195225251374
0.6846846846846847,6.242454385203982
0.6856856856856857,7.665536750637262
0.6866866866866866,5.777678357643687
0.6876876876876877,3.179132077196548
0.6886886886886887,0.5219515034183229
0.6896896896896897,-0.9907266392341331
0.6906906906906907,-2.534394146405321
0.6916916916916916,-2.7242990001580614
0.6926926926926927,-3.4419024856200124
0.6936936936936937,-3.003116564640849
0.6946946946946947,-2.7719248956045526
0.6956956956956957,-3.960596704641907
0.6966966966966966,-5.597237892140829
0.6976976976976977,-6.016685416847771
0.6986986986986987,-3.1935562970059843
0.6996996996996997,-1.1107384945685486
0.7007007007007007,1.6113190086181879
0.7017017017017017,4.92671177479088
0.7027027027027027,5.261873311417318
0.7037037037037037,4.549332304969813
0.7047047047047047,4.646340900556575
0.7057057057057057,3.5984151876608
0.7067067067067067,2.3961833814780746
0.7077077077077077,2.3130480366652746
0.7087087087087087,2.8483742437268997
0.7097097097097097,1.6637247451778956
0.7107107107107107,1.0836840311411424
0.7117117117117117,-1.0061566292532562
0.7127127127127127,-4.933451113113513
0.7137137137137137,-5.860411320798793
0.7147147147147147,-6.908837726433142
0.7157157157157157,-6.686515084829936
0.7167167167167167,-3.520396897056443
0.7177177177177178,-1.2361546358691657
0.7187187187187187,0.5604789810356803
0.7197197197197197,0.68650156123773
0.7207207207207207,1.2793316372120527
0.7217217217217217,1.9693468651373673
0.7227227227227228,1.1166560807168064
0.7237237237237237,2.5630889147127194
0.7247247247247247,4.889555315173675
0.7257257257257257,5.597967064783296
0.7267267267267267,6.229935724696854
0.7277277277277278,3.919186007638817
0.7287287287287287,3.1916480829956595
0.7297297297297297,-0.17374892037123352
0.7307307307307307,-3.0090471518461555
0.7317317317317317,-4.231570947987984
0.7327327327327328,-4.844229010073585
0.7337337337337337,-3.9719567103123703
0.7347347347347347,-3.2575348721928976
0.7357357357357357,-2.23503419711814
0.7367367367367368,-2.8664132038129213
0.7377377377377378,-3.6838759146426683
0.7387387387387387,-3.318198904227393
0.7397397397397397,-2.618845719037365
0.7407407407407407,-0.48332426862783645
0.7417417417417418,2.947729607791213
0.7427427427427428,5.425575995926782
0.7437437437437437,6.113121546254585
0.7447447447447447,6.490467431307149
0.7457457457457457,5.018129269422459
0.7467467467467468,2.314413942917618
0.7477477477477478,1.407985166176581
0.7487487487487487,0.3620376772233499
0.7497497497497497,-0.47777915909782276
0.7507507507507507,-0.16350012588987356
0.7517517517517518,-1.235184568700844
0.7527527527527528,-1.755739151627499
0.7537537537537538,-3.4850827192425107
0.7547547547547547,-6.023495592180375
0.7557557557557557,-6.963794624594853
0.7567567567567568,-6.51964514969463
0.7577577577577578,-3.525570117270888
0.7587587587587588,-0.7723030651261453
0.7597597597597597,0.9229015064467265
0.7607607607607607,3.6012658277655256
0.7617617617617618,3.422091656622111
0.7627627627627628,2.8200782006095357
0.7637637637637638,2.830378927127353
0.7647647647647647,4.204807458592184
0.7657657657657657,3.314747118184062
0.7667667667667668,4.385232610029188
0.7677677677677678,4.112695638855442
0.7687687687687688,3.5211376591288026
0.7697697697697697,1.060184922869706
0.7707707707707707,-1.2316134179217324
0.7717717717717718,-3.5820806792561237
0.7727727727727728,-6.3208310624515605
0.7737737737737738,-6.130532384202961
0.7747747747747747,-5.9483792080364495
0.7757757757757757,-3.581472915819072
0.7767767767767768,-2.324950838701461
0.7777777777777778,-1.7478108586788847
0.7787787787787788,-1.6698453090269836
0.7797797797797797,-1.4579072981356933
0.7807807807807807,-0.8633814670029196
0.7817817817817818,0.7731838276352176
0.7827827827827828,1.885648376551247
0.7837837837837838,5.680830731639657
0.7847847847847848,6.751355605646677
0.7857857857857857,7.232379714367914
0.7867867867867868,5.635343263052664
0.7877877877877878,2.095128067313339
0.7887887887887888,0.4988644247397387
0.7897897897897898,-2.5330624695494195
0.7907907907907907,-2.3982512091732464
0.7917917917917918,-1.7516496888354947
0.7927927927927928,-2.2520846449299126
0.7937937937937938,-2.922824205789102
0.7947947947947948,-4.271718680175974
0.7957957957957957,-5.1358178716650915
0.7967967967967968,-4.726545912633324
0.7977977977977978,-5.354967286208315
0.7987987987987988,-3.2612143723318434
0.7997997997997998,-1.0252255184796666
0.8008008008008007,2.6824806471288674
0.8018018018018018,4.511739754053064
0.8028028028028028,5.2703288655095735
0.8038038038038038,5.201999336523912
0.8048048048048048,4.194449077315899
0.8058058058058059,3.34062230148429
0.8068068068068068,2.3193410716085947
0.8078078078078078,2.40190306764775
0.8088088088088088,2.849861510089112
0.8098098098098098,2.125601648733775
0.8108108108108109,-0.3402428174451847
0.8118118118118118,-1.5752389555480946
0.8128128128128128,-5.237122750900641
0.8138138138138138,-6.282253709822442
0.8148148148148148,-7.080949742208446
0.8158158158158159,-6.485218697822595
0.8168168168168168,-4.215135950952846
0.8178178178178178,-1.2033752584100468
0.8188188188188188,0.017012514922349814
0.8198198198198198,1.0015248944200974
0.8208208208208209,0.0009067364304342629
0.8218218218218218,1.7422875226358487
0.8228228228228228,0.7942976349632402
0.8238238238238238,2.9166151501792137
0.8248248248248248,5.182592442579864
0.8258258258258259,5.913016431914784
0.8268268268268268,6.251110023300935
0.8278278278278278,5.073112173788422
0.8288288288288288,2.682304942997609
0.8298298298298298,-2.12223619282205
0.8308308308308309,-2.22061219084628
0.8318318318318318,-4.826119224288529
0.8328328328328328,-5.437900508367722
0.8338338338338338,-3.781691008596226
0.8348348348348348,-3.090344025102661
0.8358358358358359,-2.30620404555705
0.8368368368368369,-3.6865686263031385
0.8378378378378378,-3.0557285211699496
0.8388388388388388,-2.970207859423061
0.8398398398398398,-2.376308289048422
0.8408408408408409,1.437355522830159
0.8418418418418419,3.1508492015374703
0.8428428428428428,5.320449516072018
0.8438438438438438,6.337824860089568
0.8448448448448448,6.323739247087261
0.8458458458458459,5.2366703928903
0.8468468468468469,2.5472530800784767
0.8478478478478478,1.5815194542936681
0.8488488488488488,-0.24933347994765348
0.8498498498498498,-0.8062737622497932
0.8508508508508509,-0.2535035356319125
0.8518518518518519,-1.3783112814431582
0.8528528528528528,-1.9359581164248487
0.8538538538538538,-4.745747421843056
0.8548548548548548,-7.274195664202604
0.8558558558558559,-6.800823563765983
0.8568568568568569,-7.599041978815523
0.8578578578578578,-3.401361935050801
0.8588588588588588,-0.5509986999461043
0.8598598598598598,2.915484144841119
0.8608608608608609,3.874600422110214
0.8618618618618619,3.6285453384247552
0.8628628628628628,3.4937441313219817
0.8638638638638638,2.331916443218531
0.8648648648648649,2.035186881336343
0.8658658658658659,3.2155843131705417
0.8668668668668669,4.237016593729662
0.8678678678678678,4.659066116055116
0.8688688688688688,3.9879122504926663
0.8698698698698699,1.1086925661677194
0.8708708708708709,-1.164330442589898
0.8718718718718719,-4.50527765827688
0.8728728728728729,-6.647229422289115
0.8738738738738738,-6.37114723236755
0.8748748748748749,-4.815904504453105
0.8758758758758759,-3.8706761103424103
0.8768768768768769,-2.2323102285045375
0.8778778778778779,-2.2047258163974153
0.8788788788788788,-1.4983377537074323
0.8798798798798799,-1.381956242018313
0.8808808808808809,-0.9512582271011276
0.8818818818818819,0.695482939483357
0.8828828828828829,2.5733962349248416
0.8838838838838838,5.162563547214953
0.8848848848848849,7.247376102158858
0.8858858858858859,7.127725055024133
0.8868868868868869,4.483002733235308
0.8878878878878879,3.134704808960212
0.8888888888888888,-0.6591792525120028
0.8898898898898899,-2.205608397399398
0.8908908908908909,-1.666756304997247
0.8918918918918919,-2.9306893573346535
0.8928928928928929,-1.719419478986866
0.8938938938938938,-2.32000637941351
0.8948948948948949,-3.6316565625478043
0.8958958958958959,-4.551077592398264
0.8968968968968969,-5.529460462568159
0.8978978978978979,-4.1801674656285055
0.8988988988988988,-3.5992568296241614
0.8998998998998999,-0.26245729776241483
0.9009009009009009,2.585957427811198
0.9019019019019019,5.130272697075448
0.9029029029029029,5.5207339833116675
0.9039039039039038,4.946768304251912
0.9049049049049049,3.462203672658971
0.9059059059059059,2.4987353981584848
0.9069069069069069,2.0538011127451243
0.9079079079079079,1.7852724200269008
0.9089089089089089,3.2623991027824966
0.9099099099099099,2.4379155929580487
0.9109109109109109,0.4910903339827899
0.9119119119119119,-2.1123026286001405
0.9129129129129129,-3.6191502548230243
0.9139139139139139,-6.388290420897124
0.914914914914915,-7.252935949695403
0.9159159159159159,-6.092028859852824
0.9169169169169169,-2.8051392818657113
0.9179179179179179,-2.2777821454754115
0.9189189189189189,0.28817735918907483
0.91991991991992,0.5038248464729885
0.9209209209209209,2.1841994670858664
0.9219219219219219,1.075979091211179
0.9229229229229229,2.339957313783347
0.9239239239239239,1.9455537418623474
0.924924924924925,4.921043705678835
0.9259259259259259,6.251035318235168
0.9269269269269269,6.059119301313842
0.9279279279279279,4.783608375885771
0.9289289289289289,1.8426946606037624
0.92992992992993,0.0822243999462503
0.9309309309309309,-3.4394139517425777
0.9319319319319319,-3.8727028872095675
0.9329329329329329,-4.739700113891881
0.933933933933934,-3.524435506792974
0.934934934934935,-3.0514889061443666
0.9359359359359359,-2.2013673189491225
0.9369369369369369,-3.8173237050410975
0.9379379379379379,-3.627652891301098
0.938938938938939,-2.6754403500318853
0.93993993993994,-2.565126106535755
0.9409409409409409,-0.19696709372727594
0.9419419419419419,2.207770431544483
0.9429429429429429,5.30109089075897
0.943943943943944,7.196352220204735
0.944944944944945,5.437833846922354
0.9459459459459459,4.009584288150665
0.9469469469469469,2.669935742001281
0.9479479479479479,0.8375754443629757
0.948948948948949,0.342908925080278
0.94994994994995,0.9825509980824016
0.950950950950951,0.6747765359048494
0.9519519519519519,-0.048045497215657984
0.9529529529529529,-3.1370483124230892
0.953953953953954,-3.5459736065267684
0.954954954954955,-5.888723340495029
0.955955955955956,-7.502505282992578
0.9569569569569569,-5.566308887385278
0.9579579579579579,-4.051038414597073
0.958958958958959,-0.2662938796575272
0.95995995995996,2.2256944781324632
0.960960960960961,3.031370470566629
0.9619619619619619,2.9743748563799626
0.9629629629629629,3.2280973688274606
0.963963963963964,3.1117064895997872
0.964964964964965,3.6449345619408016
0.965965965965966,4.110808494660278
0.9669669669669669,4.457455945580209
0.9679679679679679,5.311097805193349
0.968968968968969,4.094099139443302
0.96996996996997,0.5764525440694982
0.970970970970971,-1.4206118338384153
0.9719719719719719,-4.537743524972045
0.9729729729729729,-6.244819557274537
0.973973973973974,-6.162326808468192
0.974974974974975,-4.879167820986014
0.975975975975976,-3.222096301009872
0.9769769769769769,-1.5547414542313065
0.9779779779779779,-1.489256651117845
0.978978978978979,-1.5427639127206152
0.97997997997998,0.1780216591216761
0.980980980980981,0.3323990834991474
0.9819819819819819,0.7734799607952311
0.9829829829829829,4.228763226940999
0.983983983983984,5.050404676668617
0.984984984984985,6.891049951797516
0.985985985985986,6.5514051724468665
0.986986986986987,4.973594571956171
0.9879879879879879,2.3958982639264037
0.988988988988989,-1.2657613888859591
0.98998998998999,-1.9079303517271198
0.990990990990991,-2.140088223316365
0.991991991991992,-1.683011089268644
0.992992992992993,-2.526481958175509
0.993993993993994,-3.318606820651191
0.994994994994995,-3.9069274179371476
0.995995995995996,-5.134566134529095
0.996996996996997,-5.367823150755364
0.997997997997998,-4.898332078554882
0.998998998998999,-2.685194778906754
1.0,-0.053403270097322264
